,MUNICIPIO
0,ACRELÂNDIA
1,RIO BRANCO
2,SENADOR GUIOMARD
3,ARAPIRACA
4,MACEIÓ
5,MARECHAL DEODORO
6,PALMEIRA DOS ÍNDIOS
7,SATUBA
8,GUAJARÁ
9,MANAUS
10,MACAPÁ
11,FEIRA DE SANTANA
12,PORTO SEGURO
13,SALVADOR
14,SANTA CRUZ CABRÁLIA
15,SAPEAÇU
16,TEIXEIRA DE FREITAS
17,AMONTADA
18,COREAÚ
19,CRATO
20,FORTALEZA
21,MARACANAÚ
22,PEDRA BRANCA
23,BRASÍLIA
24,BOA ESPERANÇA
25,CACHOEIRO DE ITAPEMIRIM
26,CARIACICA
27,CONCEIÇÃO DO CASTELO
28,DOMINGOS MARTINS
29,SERRA
30,SÃO GABRIEL DA PALHA
31,VILA VELHA
32,ALEXÂNIA
33,ANÁPOLIS
34,APARECIDA DE GOIÂNIA
35,BARRO ALTO
36,CRIXÁS
37,FORMOSA
38,GOIÂNIA
39,LUZIÂNIA
40,RIANÁPOLIS
41,SENADOR CANEDO
42,TRINDADE
43,VALPARAÍSO DE GOIÁS
44,BARRA DO CORDA
45,CHAPADINHA
46,IMPERATRIZ
47,LAJEADO NOVO
48,MATÕES
49,TIMON
50,TUNTUM
51,BELO HORIZONTE
52,CONFINS
53,CURVELO
54,FRONTEIRA DOS VALES
55,GURINHATÃ
56,IBIRITÉ
57,IGARAPÉ
58,ITUIUTABA
59,MANHUAÇU
60,MONTES CLAROS
61,NOVA LIMA
62,PEDRO LEOPOLDO
63,PIAU
64,POUSO ALEGRE
65,RIBEIRÃO DAS NEVES
66,SACRAMENTO
67,SETE LAGOAS
68,TOCANTINS
69,UBERABA
70,UBERLÂNDIA
71,CAMPO GRANDE
72,ARIPUANÃ
73,CAMPO VERDE
74,COLNIZA
75,CUIABÁ
76,MARCELÂNDIA
77,NOVA BANDEIRANTES
78,NOVA GUARITA
79,NOVA MUTUM
80,NOVA SANTA HELENA
81,RONDONÓPOLIS
82,SANTA CARMEM
83,SORRISO
84,TANGARÁ DA SERRA
85,ANANINDEUA
86,ANAPU
87,BELÉM
88,BENEVIDES
89,NOVO PROGRESSO
90,SANTA MARIA DAS BARREIRAS
91,SANTARÉM
92,CABEDELO
93,CAMPINA GRANDE
94,GURINHÉM
95,JOÃO PESSOA
96,LUCENA
97,MULUNGU
98,PIANCÓ
99,PITIMBU
100,SÃO FRANCISCO
101,CAMARAGIBE
102,CARUARU
103,ESCADA
104,OLINDA
105,RECIFE
106,TIMBAÚBA
107,VICÊNCIA
108,VITÓRIA DE SANTO ANTÃO
109,CORRENTE
110,FLORIANO
111,PORTO
112,TERESINA
113,ÁGUA BRANCA
114,AMPÉRE
115,APUCARANA
116,CURITIBA
117,DOIS VIZINHOS
118,FAZENDA RIO GRANDE
119,FOZ DO IGUAÇU
120,GUARAPUAVA
121,LOANDA
122,LONDRINA
123,MEDIANEIRA
124,PITANGA
125,SÃO JORGE D´OESTE
126,SÃO JOÃO DO IVAÍ
127,SÃO MIGUEL DO IGUAÇU
128,TURVO
129,ANGRA DOS REIS
130,ARARUAMA
131,CAMPOS DOS GOYTACAZES
132,DUQUE DE CAXIAS
133,LAJE DO MURIAÉ
134,MAGÉ
135,NITERÓI
136,NOVA IGUAÇU
137,PIRAÍ
138,RIO DE JANEIRO
139,MOSSORÓ
140,NATAL
141,PARAZINHO
142,PARNAMIRIM
143,SÃO GONÇALO DO AMARANTE
144,CACOAL
145,CEREJEIRAS
146,CUJUBIM
147,JI-PARANÁ
148,MACHADINHO D´OESTE
149,PORTO VELHO
150,ALEGRETE
151,ALVORADA
152,ARARICÁ
153,ARATIBA
154,ARROIO DO TIGRE
155,AUGUSTO PESTANA
156,BAGÉ
157,BALNEÁRIO PINHAL
158,BARRACÃO
159,BARROS CASSAL
160,BENTO GONÇALVES
161,BOM PRINCÍPIO
162,BOQUEIRÃO DO LEÃO
163,CACHOEIRA DO SUL
164,CACHOEIRINHA
165,CAMAQUÃ
166,CAMBARÁ DO SUL
167,CAMPINA DAS MISSÕES
168,CANDELÁRIA
169,CANELA
170,CANOAS
171,CAPÃO DA CANOA
172,CARAZINHO
173,CARLOS BARBOSA
174,CAXIAS DO SUL
175,COLORADO
176,COTIPORÃ
177,CRUZ ALTA
178,DOM FELICIANO
179,DOM PEDRITO
180,ELDORADO DO SUL
181,ENCRUZILHADA DO SUL
182,ERECHIM
183,ESTEIO
184,FARROUPILHA
185,FELIZ
186,FLORIANO PEIXOTO
187,FREDERICO WESTPHALEN
188,GARIBALDI
189,GETÚLIO VARGAS
190,GRAVATAÍ
191,GUAPORÉ
192,HORIZONTINA
193,IBIRAPUITÃ
194,IGREJINHA
195,IJUÍ
196,IPÊ
197,ITAARA
198,LAJEADO
199,MACHADINHO
200,MAQUINÉ
201,MARAU
202,MARCELINO RAMOS
203,MATA
204,MATO CASTELHANO
205,MONTENEGRO
206,NOVA SANTA RITA
207,NOVO HAMBURGO
208,NOVO MACHADO
209,OSÓRIO
210,PALMEIRA DAS MISSÕES
211,PALMITINHO
212,PARAÍ
213,PAROBÉ
214,PASSO FUNDO
215,PEDRO OSÓRIO
216,PELOTAS
217,PORTO ALEGRE
218,RIO GRANDE
219,RIO PARDO
220,ROSÁRIO DO SUL
221,SALTO DO JACUÍ
222,SANTA CRUZ DO SUL
223,SANTA MARIA
224,SANTA ROSA
225,SANTA VITÓRIA DO PALMAR
226,SANTO ANTÔNIO DA PATRULHA
227,SANTO ANTÔNIO DO PALMA
228,SANTO AUGUSTO
229,SANTO ÂNGELO
230,SAPIRANGA
231,SAPUCAIA DO SUL
232,SELBACH
233,SOBRADINHO
234,SOLEDADE
235,SÃO BORJA
236,SÃO FRANCISCO DE ASSIS
237,SÃO FRANCISCO DE PAULA
238,SÃO GABRIEL
239,SÃO LEOPOLDO
240,SÃO LUIZ GONZAGA
241,SÃO MIGUEL DAS MISSÕES
242,SÃO VICENTE DO SUL
243,TAPEJARA
244,TAPERA
245,TAPES
246,TAQUARI
247,TENENTE PORTELA
248,TEUTÔNIA
249,TORRES
250,TRAMANDAÍ
251,TRÊS ARROIOS
252,TRÊS DE MAIO
253,TUPARENDI
254,URUGUAIANA
255,VACARIA
256,VALE DO SOL
257,VALE VERDE
258,VENÂNCIO AIRES
259,VIAMÃO
260,VITÓRIA DAS MISSÕES
261,ÁGUA SANTA
262,ARVOREDO
263,BALNEÁRIO CAMBORIÚ
264,BIGUAÇU
265,CAMPOS NOVOS
266,CAPINZAL
267,CRICIÚMA
268,FLORIANÓPOLIS
269,IMBITUBA
270,IPORÃ DO OESTE
271,IPUMIRIM
272,ITAJAÍ
273,JOINVILLE
274,LAGES
275,OTACÍLIO COSTA
276,PARAÍSO
277,PIRATUBA
278,POMERODE
279,SÃO JOAQUIM
280,TUBARÃO
281,WITMARSUM
282,ARACAJU
283,BARRA DOS COQUEIROS
284,ITABAIANA
285,NOSSA SENHORA DA GLÓRIA
286,ADAMANTINA
287,AGUAÍ
288,AMERICANA
289,ARAÇATUBA
290,BARRETOS
291,BAURU
292,BIRIGUI
293,BRAGANÇA PAULISTA
294,BROTAS
295,CAJURU
296,CAMPINAS
297,CAMPO LIMPO PAULISTA
298,CRUZEIRO
299,GUARIBA
300,IBIRÁ
301,ITAPETININGA
302,ITAPIRA
303,JALES
304,LIMEIRA
305,MARTINÓPOLIS
306,MIRASSOL
307,MOGI DAS CRUZES
308,OSASCO
309,PEDREGULHO
310,PENÁPOLIS
311,PIRACICABA
312,PIRASSUNUNGA
313,RIBEIRÃO PRETO
314,RIO GRANDE DA SERRA
315,SANTA BÁRBARA D´OESTE
316,SANTA FÉ DO SUL
317,SANTO ANASTÁCIO
318,SANTO ANDRÉ
319,SANTOS
320,SERTÃOZINHO
321,SOROCABA
322,SÃO JOSÉ DO RIO PRETO
323,SÃO JOSÉ DOS CAMPOS
324,SÃO LUÍS DO PARAITINGA
325,SÃO PAULO
326,SÃO VICENTE
327,TAQUARITINGA
328,TATUÍ
329,UBATUBA
330,VOTUPORANGA
331,PALMAS
332,PONTE ALTA DO TOCANTINS
333,PORTO NACIONAL
334,
335,CRUZEIRO DO SUL
336,PORTO ACRE
337,TARAUACÁ
338,DELMIRO GOUVEIA
339,SÃO MIGUEL DOS CAMPOS
340,VIÇOSA
341,IRANDUBA
342,MANACAPURU
343,SANTANA
344,CAMPO ALEGRE DE LOURDES
345,CORRENTINA
346,EUNÁPOLIS
347,ILHÉUS
348,JUAZEIRO
349,LAURO DE FREITAS
350,PRESIDENTE TANCREDO NEVES
351,SANTALUZ
352,VITÓRIA DA CONQUISTA
353,BEBERIBE
354,FORTIM
355,ICÓ
356,JUAZEIRO DO NORTE
357,SOBRAL
358,UMIRIM
359,AFONSO CLÁUDIO
360,ANCHIETA
361,IBITIRAMA
362,LINHARES
363,MARATAÍZES
364,MIMOSO DO SUL
365,PINHEIROS
366,VARGEM ALTA
367,VENDA NOVA DO IMIGRANTE
368,VITÓRIA
369,ABADIÂNIA
370,BELA VISTA DE GOIÁS
371,BOM JESUS DE GOIÁS
372,ITUMBIARA
373,NOVA CRIXÁS
374,NOVO PLANALTO
375,PLANALTINA
376,QUIRINÓPOLIS
377,SANTA RITA DO NOVO DESTINO
378,SANTA ROSA DE GOIÁS
379,SÃO MIGUEL DO ARAGUAIA
380,CAXIAS
381,SÃO JOSÉ DE RIBAMAR
382,SÃO LUÍS
383,BONFIM
384,CARMO DO PARANAÍBA
385,CATAGUASES
386,CONCEIÇÃO DE IPANEMA
387,CONTAGEM
388,DIVINÓPOLIS
389,IPATINGA
390,ITAÚNA
391,JANUÁRIA
392,LAGOA DA PRATA
393,MIRAÍ
394,MONTE CARMELO
395,PARÁ DE MINAS
396,PONTE NOVA
397,PRADOS
398,SÃO JOSÉ DA LAPA
399,SÃO PEDRO DO SUAÇUÍ
400,TAIOBEIRAS
401,TEÓFILO OTONI
402,VESPASIANO
403,AQUIDAUANA
404,DOURADOS
405,FÁTIMA DO SUL
406,ITAPORÃ
407,NOVA ANDRADINA
408,SELVÍRIA
409,APIACÁS
410,BARRA DO GARÇAS
411,BARÃO DE MELGAÇO
412,CONFRESA
413,JACIARA
414,JUARA
415,LUCAS DO RIO VERDE
416,NOVO SÃO JOAQUIM
417,PEIXOTO DE AZEVEDO
418,ALENQUER
419,CASTANHAL
420,PACAJÁ
421,PARAUAPEBAS
422,REMÍGIO
423,TEIXEIRA
424,BEZERROS
425,BONITO
426,EXU
427,FERNANDO DE NORONHA
428,PESQUEIRA
429,SURUBIM
430,ALTOS
431,COCAL
432,MILTON BRANDÃO
433,BELA VISTA DA CAROBA
434,BOA VISTA DA APARECIDA
435,CAMPO DO TENENTE
436,CARAMBEÍ
437,CASCAVEL
438,CONTENDA
439,CRUZEIRO DO IGUAÇU
440,FRANCISCO BELTRÃO
441,IRATI
442,MARINGÁ
443,PARANAVAÍ
444,SALTO DO LONTRA
445,SANTA MARIA DO OESTE
446,SERTANÓPOLIS
447,SÃO JOSÉ DOS PINHAIS
448,TELÊMACO BORBA
449,ITABORAÍ
450,MARICÁ
451,VOLTA REDONDA
452,JUCURUTU
453,MACAÍBA
454,TANGARÁ
455,VERA CRUZ
456,ARIQUEMES
457,CANDEIAS DO JAMARI
458,ITAPUÃ DO OESTE
459,MIRANTE DA SERRA
460,BOA VISTA
461,BOM RETIRO DO SUL
462,BUTIÁ
463,CACEQUI
464,CATUÍPE
465,CAÇAPAVA DO SUL
466,CERRO LARGO
467,CIDREIRA
468,CRUZALTENSE
469,DERRUBADAS
470,ENTRE RIOS DO SUL
471,ESTRELA
472,FAXINALZINHO
473,GIRUÁ
474,GUAÍBA
475,IMBÉ
476,JAGUARI
477,JARI
478,MUITOS CAPÕES
479,NONOAI
480,NOVA BASSANO
481,PANAMBI
482,PANTANO GRANDE
483,PINHEIRO MACHADO
484,PORTO XAVIER
485,PROGRESSO
486,QUARAÍ
487,QUATRO IRMÃOS
488,RESTINGA SECA
489,SANANDUVA
490,SANTANA DO LIVRAMENTO
491,SEGREDO
492,SÃO LOURENÇO DO SUL
493,SÃO PEDRO DO SUL
494,TAQUARA
495,TERRA DE AREIA
496,TRINDADE DO SUL
497,TRÊS COROAS
498,TUCUNDUVA
499,APIÚNA
500,ARARANGUÁ
501,BLUMENAU
502,BOCAINA DO SUL
503,CAMBORIÚ
504,CHAPECÓ
505,COCAL DO SUL
506,CONCÓRDIA
507,GASPAR
508,GUABIRUBA
509,ILHOTA
510,IÇARA
511,JACINTO MACHADO
512,LAURO MULLER
513,MAFRA
514,PAPANDUVA
515,PORTO UNIÃO
516,RIO DO OESTE
517,SÃO JOSÉ
518,SÃO PEDRO DE ALCÂNTARA
519,URUBICI
520,URUSSANGA
521,ZORTÉA
522,RIBEIRÓPOLIS
523,AMPARO
524,ANDRADINA
525,ARARAQUARA
526,BARUERI
527,BOTUCATU
528,CARAGUATATUBA
529,CASA BRANCA
530,FERRAZ DE VASCONCELOS
531,FRANCA
532,GUATAPARÁ
533,IRACEMÁPOLIS
534,ITU
535,JAÚ
536,LENÇÓIS PAULISTA
537,LINS
538,MORRO AGUDO
539,NOVO HORIZONTE
540,PIRAJUÍ
541,PRESIDENTE EPITÁCIO
542,PRESIDENTE VENCESLAU
543,SERRANA
544,SUMARÉ
545,SÃO BERNARDO DO CAMPO
546,SÃO SEBASTIÃO
547,TAUBATÉ
548,VALINHOS
549,VARGEM GRANDE PAULISTA
550,ÁGUAS DA PRATA
551,FEIJÓ
552,MÂNCIO LIMA
553,SENA MADUREIRA
554,GIRAU DO PONCIANO
555,ENVIRA
556,BARREIRAS
557,CATU
558,LUÍS EDUARDO MAGALHÃES
559,NOVA VIÇOSA
560,BARBALHA
561,CAUCAIA
562,JAGUARIBE
563,MOMBAÇA
564,VIÇOSA DO CEARÁ
565,ALTO RIO NOVO
566,ARACRUZ
567,BAIXO GUANDU
568,PANCAS
569,SÃO MATEUS
570,VILA PAVÃO
571,ARAGARÇAS
572,ARAGOIÂNIA
573,BURITI ALEGRE
574,CORUMBÁ DE GOIÁS
575,GOIATUBA
576,HIDROLÂNDIA
577,IPORÁ
578,ITAJÁ
579,ITAPURANGA
580,JATAÍ
581,NOVA GLÓRIA
582,RIALMA
583,RIO VERDE
584,SANTA TEREZINHA DE GOIÁS
585,ÁGUAS LINDAS DE GOIÁS
586,BALSAS
587,PAULINO NEVES
588,ARAXÁ
589,BETIM
590,BOM DESPACHO
591,BURITIS
592,CONCEIÇÃO DO MATO DENTRO
593,GOVERNADOR VALADARES
594,JOÃO PINHEIRO
595,MALACACHETA
596,NOVA SERRANA
597,PATOS DE MINAS
598,PATROCÍNIO
599,PERDIZES
600,PIRAPORA
601,PIUMHI
602,QUELUZITO
603,RIO MANSO
604,SANTA LUZIA
605,SANTA MARGARIDA
606,TEIXEIRAS
607,VARGINHA
608,CHAPADÃO DO SUL
609,CANARANA
610,GUARANTÃ DO NORTE
611,MATUPÁ
612,NOVA MONTE VERDE
613,NOVA OLÍMPIA
614,ÁGUA BOA
615,BRASIL NOVO
616,CANAÃ DOS CARAJÁS
617,MARABÁ
618,SANTA ISABEL DO PARÁ
619,SÃO FÉLIX DO XINGU
620,ARARA
621,BAYEUX
622,SOUSA
623,UIRAÚNA
624,ALIANÇA
625,OURICURI
626,PETROLINA
627,SANTA MARIA DA BOA VISTA
628,JOSÉ DE FREITAS
629,SUSSUAPARA
630,ARAUCÁRIA
631,CAMBÉ
632,CAMPO LARGO
633,CORNÉLIO PROCÓPIO
634,GUAÍRA
635,IGUARAÇU
636,IPORÃ
637,MARECHAL CÂNDIDO RONDON
638,MARMELEIRO
639,MATINHOS
640,MERCEDES
641,PALMITAL
642,PATO BRANCO
643,PORTO AMAZONAS
644,SANTA HELENA
645,SÃO JOÃO DO CAIUÁ
646,UMUARAMA
647,UNIÃO DA VITÓRIA
648,MANGARATIBA
649,MIGUEL PEREIRA
650,QUEIMADOS
651,QUISSAMÃ
652,SAQUAREMA
653,ALTO DO RODRIGUES
654,AÇU
655,BREJINHO
656,CEARÁ-MIRIM
657,CRUZETA
658,ENCANTO
659,LUCRÉCIA
660,SÃO JOSÉ DE MIPIBU
661,SÃO TOMÉ
662,ALTO PARAÍSO
663,ESPIGÃO D´OESTE
664,ARVOREZINHA
665,BOA VISTA DAS MISSÕES
666,BOA VISTA DO CADEADO
667,BROCHIER
668,CAIBATÉ
669,CAMPO BOM
670,CERRO GRANDE DO SUL
671,CHARQUEADAS
672,CONSTANTINA
673,ENCANTADO
674,ESTÂNCIA VELHA
675,FLORES DA CUNHA
676,FONTOURA XAVIER
677,FORMIGUEIRO
678,HERVEIRAS
679,IBARAMA
680,IBIAÇÁ
681,IBIRAIARAS
682,IBIRUBÁ
683,ITAQUI
684,LINDOLFO COLLOR
685,MARQUES DE SOUZA
686,NOVA PETRÓPOLIS
687,NOVA PRATA
688,NÃO-ME-TOQUE
689,PASSO DO SOBRADO
690,PROTÁSIO ALVES
691,PUTINGA
692,RIOZINHO
693,ROLADOR
694,SANTA BÁRBARA DO SUL
695,SANTIAGO
696,SANTO ANTÔNIO DAS MISSÕES
697,SANTO CRISTO
698,SARANDI
699,SÃO JORGE
700,TRÊS PASSOS
701,TUPANCIRETÃ
702,UNISTALDA
703,VERANÓPOLIS
704,ARMAZÉM
705,BALNEÁRIO GAIVOTA
706,CORONEL MARTINS
707,CUNHA PORÃ
708,ERMO
709,INDAIAL
710,MELEIRO
711,NOVA VENEZA
712,ORLEANS
713,PALHOÇA
714,PASSO DE TORRES
715,PONTE SERRADA
716,POUSO REDONDO
717,SERRA ALTA
718,TAIÓ
719,VIDEIRA
720,XANXERÊ
721,CAPELA
722,ESTÂNCIA
723,SIMÃO DIAS
724,ALFREDO MARCONDES
725,AMÉRICO DE CAMPOS
726,ATIBAIA
727,CABREÚVA
728,CAÇAPAVA
729,GUARUJÁ
730,GUARULHOS
731,IBIRAREMA
732,ITAPORANGA
733,ITAQUAQUECETUBA
734,MURUTINGA DO SUL
735,PARANAPANEMA
736,PITANGUEIRAS
737,POMPÉIA
738,PRESIDENTE BERNARDES
739,PRESIDENTE PRUDENTE
740,PROMISSÃO
741,RIO CLARO
742,SANTA CRUZ DO RIO PARDO
743,SANTANA DE PARNAÍBA
744,SERRA NEGRA
745,SÃO JOÃO DA BOA VISTA
746,VINHEDO
747,VISTA ALEGRE DO ALTO
748,ÁGUAS DE SÃO PEDRO
749,TEFÉ
750,DIAS D´ÁVILA
751,ITABUNA
752,LAPÃO
753,PARIPIRANGA
754,ACOPIARA
755,AURORA
756,BREJO SANTO
757,CRATEÚS
758,IGUATU
759,IRAUÇUBA
760,MAURITI
761,ORÓS
762,QUIXADÁ
763,TAUÁ
764,MARECHAL FLORIANO
765,RIO BANANAL
766,ÁGUIA BRANCA
767,CAMPINORTE
768,GOIANÉSIA
769,NOVO GAMA
770,PIRES DO RIO
771,PONTALINA
772,SILVÂNIA
773,SÃO JOÃO D´ALIANÇA
774,ALTO ALEGRE DO MARANHÃO
775,BACABAL
776,GOVERNADOR NUNES FREIRE
777,ANDRADAS
778,BICAS
779,CAMPO BELO
780,CONCEIÇÃO DO PARÁ
781,GRÃO MOGOL
782,ITAIPÉ
783,ITAMARANDIBA
784,JACUÍ
785,JUIZ DE FORA
786,MURIAÉ
787,PASSOS
788,POÇOS DE CALDAS
789,SABARÁ
790,SERITINGA
791,TRÊS LAGOAS
792,BARRA DO BUGRES
793,COTRIGUAÇU
794,GENERAL CARNEIRO
795,JUSCIMEIRA
796,PONTES E LACERDA
797,PRIMAVERA DO LESTE
798,SANTO ANTÔNIO DO LEVERGER
799,SAPEZAL
800,VÁRZEA GRANDE
801,ALTAMIRA
802,ITAITUBA
803,RURÓPOLIS
804,GUARABIRA
805,PUXINANÃ
806,GRAVATÁ
807,SALGUEIRO
808,SANTA CRUZ DO CAPIBARIBE
809,SÃO JOAQUIM DO MONTE
810,BOM JESUS
811,PARNAÍBA
812,CASTRO
813,CENTENÁRIO DO SUL
814,CORBÉLIA
815,CRUZEIRO DO OESTE
816,CURIÚVA
817,FAXINAL
818,NOVA SANTA ROSA
819,PARAÍSO DO NORTE
820,PIRAQUARA
821,PONTA GROSSA
822,RESERVA
823,ROLÂNDIA
824,SANTA TEREZINHA DE ITAIPU
825,CORDEIRO
826,ITAOCARA
827,MACAÉ
828,RIO DAS OSTRAS
829,TERESÓPOLIS
830,CAICÓ
831,PIMENTA BUENO
832,ROLIM DE MOURA
833,VILHENA
834,AGUDO
835,ALPESTRE
836,ARROIO DO SAL
837,ARROIO DOS RATOS
838,CANGUÇU
839,CAPÃO DO CIPÓ
840,CASCA
841,CASEIROS
842,CERRO BRANCO
843,CHAPADA
844,COXILHA
845,CRISSIUMAL
846,ERVAL GRANDE
847,ESTAÇÃO
848,FAZENDA VILANOVA
849,GLORINHA
850,GUABIJU
851,JACUTINGA
852,MAÇAMBARA
853,MORRO REUTER
854,MOSTARDAS
855,NOVA CANDELÁRIA
856,NOVA PÁDUA
857,PALMARES DO SUL
858,PORTÃO
859,PRESIDENTE LUCENA
860,RIO DOS ÍNDIOS
861,ROLANTE
862,ROQUE GONZALES
863,SEDE NOVA
864,SINIMBU
865,SÃO SEPÉ
866,XANGRI-LÁ
867,CAMPO BELO DO SUL
868,CAXAMBU DO SUL
869,GUATAMBÚ
870,ITAPEMA
871,ITAPIRANGA
872,NAVEGANTES
873,NOVA TRENTO
874,QUILOMBO
875,RIO NEGRINHO
876,SÃO LOURENÇO DO OESTE
877,NOSSA SENHORA DO SOCORRO
878,PEDRINHAS
879,TOMAR DO GERU
880,ASSIS
881,BURITAMA
882,CACHOEIRA PAULISTA
883,CARAPICUÍBA
884,CATANDUVA
885,DRACENA
886,FERNANDÓPOLIS
887,GUAPIARA
888,IACANGA
889,ITATIBA
890,JABOTICABAL
891,LARANJAL PAULISTA
892,LOUVEIRA
893,MACEDÔNIA
894,MAIRIPORÃ
895,MARÍLIA
896,MOGI MIRIM
897,MONTE MOR
898,PINDAMONHANGABA
899,PORTO FELIZ
900,POTIM
901,RIBEIRÃO DO SUL
902,SOCORRO
903,SÃO JOSÉ DO RIO PARDO
904,TABOÃO DA SERRA
905,TIETÊ
906,TORRINHA
907,NOVA OLINDA
908,PARANÃ
909,BATALHA
910,JARAMATAIA
911,LÁBREA
912,PORTO GRANDE
913,SERRINHA
914,AQUIRAZ
915,ITAIÇABA
916,MARANGUAPE
917,PARACURU
918,PORANGA
919,RUSSAS
920,TIANGUÁ
921,BARRA DE SÃO FRANCISCO
922,GUARAPARI
923,ITAPEMIRIM
924,ÁGUA DOCE DO NORTE
925,CATALÃO
926,CERES
927,GOIANÁPOLIS
928,INHUMAS
929,IPAMERI
930,MINAÇU
931,MONTES CLAROS DE GOIÁS
932,PALMEIRAS DE GOIÁS
933,SERRANÓPOLIS
934,SÃO FRANCISCO DE GOIÁS
935,COROATÁ
936,SENADOR LA ROCQUE
937,ARAGUARI
938,BARRA LONGA
939,CAIANA
940,CEDRO DO ABAETÉ
941,CONCEIÇÃO DAS ALAGOAS
942,CRUZÍLIA
943,DIVINÉSIA
944,ENGENHEIRO CALDAS
945,ESMERALDAS
946,ITAMONTE
947,LAGOA SANTA
948,NOVO ORIENTE DE MINAS
949,SÃO JOÃO EVANGELISTA
950,SÃO PEDRO DOS FERROS
951,SÃO SEBASTIÃO DO PARAÍSO
952,UBÁ
953,CASSILÂNDIA
954,ÁGUA CLARA
955,ALTA FLORESTA
956,ALTO ARAGUAIA
957,ALTO BOA VISTA
958,BRASNORTE
959,CANABRAVA DO NORTE
960,JUÍNA
961,PORTO DOS GAÚCHOS
962,RONDOLÂNDIA
963,SINOP
964,TUCURUÍ
965,CRUZ DO ESPÍRITO SANTO
966,SANTA RITA
967,BODOCÓ
968,BREJO DA MADRE DE DEUS
969,JABOATÃO DOS GUARARAPES
970,MORENO
971,PALMARES
972,PAUDALHO
973,SÃO JOSÉ DO BELMONTE
974,SÃO VICENTE FERRER
975,ACAUÃ
976,BRAGANEY
977,CIANORTE
978,COLOMBO
979,FORMOSA DO OESTE
980,MARIPÁ
981,MARQUINHO
982,NOVA PRATA DO IGUAÇU
983,ORTIGUEIRA
984,OURO VERDE DO OESTE
985,REALEZA
986,TERRA ROXA
987,TOLEDO
988,PORTO REAL
989,SÃO GONÇALO
990,MAXARANGUAPE
991,NÍSIA FLORESTA
992,PAU DOS FERROS
993,SERRA DO MEL
994,ANTÔNIO PRADO
995,ARROIO DO MEIO
996,CAMPOS BORGES
997,CORONEL BICACO
998,EREBANGO
999,ERNESTINA
1000,ESPUMOSO
1001,GRAMADO
1002,HULHA NEGRA
1003,JACUIZINHO
1004,JÚLIO DE CASTILHOS
1005,PEJUÇARA
1006,PIRATINI
1007,RELVADO
1008,ROCA SALES
1009,SANTO EXPEDITO DO SUL
1010,SEBERI
1011,SÃO SEBASTIÃO DO CAÍ
1012,SÃO VALÉRIO DO SUL
1013,VILA LÂNGARO
1014,VISTA ALEGRE DO PRATA
1015,BOTUVERÁ
1016,BRUSQUE
1017,CAÇADOR
1018,CERRO NEGRO
1019,FORQUILHINHA
1020,IPUAÇU
1021,ITAIÓPOLIS
1022,JAGUARUNA
1023,JOAÇABA
1024,LUZERNA
1025,MORRO DA FUMAÇA
1026,PALMEIRA
1027,PALMITOS
1028,PEDRAS GRANDES
1029,PESCARIA BRAVA
1030,PONTE ALTA DO NORTE
1031,SANTO AMARO DA IMPERATRIZ
1032,SOMBRIO
1033,TIMBÓ
1034,XAXIM
1035,LAGARTO
1036,PACATUBA
1037,ALTINÓPOLIS
1038,AVANHANDAVA
1039,CAJAMAR
1040,GUAPIAÇU
1041,GUARATINGUETÁ
1042,INDAIATUBA
1043,ITÁPOLIS
1044,JÚLIO MESQUITA
1045,LAVRINHAS
1046,NOVA GRANADA
1047,OLÍMPIA
1048,OURINHOS
1049,PARIQUERA-AÇU
1050,PINDORAMA
1051,PIRAPOZINHO
1052,PIRATININGA
1053,REGENTE FEIJÓ
1054,RIBEIRÃO PIRES
1055,SILVEIRAS
1056,SÃO CARLOS
1057,SÃO MANUEL
1058,TANABI
1059,PLÁCIDO DE CASTRO
1060,XAPURI
1061,INHAPI
1062,ALAGOINHAS
1063,LAMARÃO
1064,SANTA MARIA DA VITÓRIA
1065,ARACOIABA
1066,EUSÉBIO
1067,LIMOEIRO DO NORTE
1068,PRESIDENTE KENNEDY
1069,SANTA TERESA
1070,ARENÓPOLIS
1071,GOIANIRA
1072,GRAJAÚ
1073,BAMBUÍ
1074,CARANGOLA
1075,CORONEL FABRICIANO
1076,ITABIRA
1077,MATUTINA
1078,PAULA CÂNDIDO
1079,PIRAÚBA
1080,RIO DO PRADO
1081,SANTA HELENA DE MINAS
1082,TIMÓTEO
1083,TUPACIGUARA
1084,PEDRO GOMES
1085,COLÍDER
1086,MARITUBA
1087,MEDICILÂNDIA
1088,XINGUARA
1089,ITAPOROROCA
1090,SAPÉ
1091,GARANHUNS
1092,CAMPO MAIOR
1093,DEMERVAL LOBÃO
1094,ASSIS CHATEAUBRIAND
1095,CANDÓI
1096,NOVA TEBAS
1097,QUEDAS DO IGUAÇU
1098,SANTA LÚCIA
1099,TAMARANA
1100,ITAPERUNA
1101,SÃO SEBASTIÃO DO ALTO
1102,AREIA BRANCA
1103,ALVORADA D´OESTE
1104,PRESIDENTE MÉDICI
1105,THEOBROMA
1106,CANTÁ
1107,AMETISTA DO SUL
1108,ARAMBARÉ
1109,BOSSOROCA
1110,CAMARGO
1111,CHUVISCA
1112,ENGENHO VELHO
1113,ENTRE-IJUÍS
1114,EUGÊNIO DE CASTRO
1115,GARRUCHOS
1116,IMIGRANTE
1117,INDEPENDÊNCIA
1118,JABOTICABA
1119,LAGOA DOS TRÊS CANTOS
1120,LAGOÃO
1121,LAJEADO DO BUGRE
1122,MANOEL VIANA
1123,NOVA HARTZ
1124,NOVO BARREIRO
1125,PARECI NOVO
1126,PICADA CAFÉ
1127,PINHAL GRANDE
1128,PLANALTO
1129,PORTO MAUÁ
1130,RODEIO BONITO
1131,SANTA CECÍLIA DO SUL
1132,SANTANA DA BOA VISTA
1133,SERAFINA CORRÊA
1134,SÃO JOSÉ DO NORTE
1135,SÃO JOSÉ DO OURO
1136,TRÊS CACHOEIRAS
1137,VILA NOVA DO SUL
1138,BALNEÁRIO ARROIO DO SILVA
1139,BRAÇO DO TROMBUDO
1140,CAIBI
1141,CURITIBANOS
1142,GARUVA
1143,HERVAL D´OESTE
1144,IBIRAMA
1145,IOMERÊ
1146,PINHALZINHO
1147,RIQUEZA
1148,SANGÃO
1149,TREZE TÍLIAS
1150,VIDAL RAMOS
1151,CRISTINÁPOLIS
1152,CUMBE
1153,ARARAS
1154,BIRITIBA-MIRIM
1155,BOFETE
1156,BRODOWSKI
1157,ENGENHEIRO COELHO
1158,GUARARAPES
1159,ITIRAPINA
1160,JUNDIAÍ
1161,JUNQUEIRÓPOLIS
1162,LEME
1163,MACAUBAL
1164,MIRANDÓPOLIS
1165,OSVALDO CRUZ
1166,TAPIRAÍ
1167,BRASILÉIA
1168,LIMOEIRO DE ANADIA
1169,SANTANA DO IPANEMA
1170,TEOTÔNIO VILELA
1171,UNIÃO DOS PALMARES
1172,TARTARUGALZINHO
1173,APUIARÉS
1174,ARACATI
1175,ITAPIPOCA
1176,SENADOR SÁ
1177,ALEGRE
1178,LARANJA DA TERRA
1179,SANTA MARIA DE JETIBÁ
1180,CALDAS NOVAS
1181,GOUVELÂNDIA
1182,PORANGATU
1183,CONCEIÇÃO DO LAGO-AÇU
1184,NOVA OLINDA DO MARANHÃO
1185,SANTA INÊS
1186,CONSELHEIRO LAFAIETE
1187,IBITIÚRA DE MINAS
1188,AMAMBAÍ
1189,CORONEL SAPUCAIA
1190,FELIZ NATAL
1191,ABAETETUBA
1192,REDENÇÃO
1193,PATOS
1194,PILAR
1195,QUEIMADAS
1196,INAJÁ
1197,PAULISTA
1198,UBIRATÃ
1199,CURRAIS NOVOS
1200,EXTREMOZ
1201,FRUTUOSO GOMES
1202,TIBAU DO SUL
1203,SÃO FRANCISCO DO GUAPORÉ
1204,ALECRIM
1205,BARÃO DE COTEGIPE
1206,CAMPESTRE DA SERRA
1207,CAMPO NOVO
1208,CAPIVARI DO SUL
1209,CHIAPETTA
1210,CIRÍACO
1211,GAURAMA
1212,JAQUIRANA
1213,LAGOA BONITA DO SUL
1214,LAGOA VERMELHA
1215,MARIANA PIMENTEL
1216,MIRAGUAÍ
1217,MONTAURI
1218,MORRO REDONDO
1219,NOVA ALVORADA
1220,PARAÍSO DO SUL
1221,QUEVEDOS
1222,SÃO MARTINHO DA SERRA
1223,TUNAS
1224,TUPANDI
1225,VIADUTOS
1226,VICENTE DUTRA
1227,CAMPO ERÊ
1228,CORONEL FREITAS
1229,JARAGUÁ DO SUL
1230,MARUIM
1231,BERTIOGA
1232,GARÇA
1233,HORTOLÂNDIA
1234,ITANHAÉM
1235,JACAREÍ
1236,JANDIRA
1237,MENDONÇA
1238,PAULÍNIA
1239,PIEDADE
1240,VÁRZEA PAULISTA
1241,ÁLVARO DE CARVALHO
1242,COLINAS DO TOCANTINS
1243,PEDRO AFONSO
1244,SANTA RITA DO TOCANTINS
1245,TOCANTÍNIA
1246,BACABEIRA
1247,MONTE APRAZÍVEL
